{"minzoom":0,"maxzoom":9,"center":[98.789062,8.05908,9.0],"bounds":[95.0,5.0,110.0,20.467892]}