{"minzoom":0,"maxzoom":8,"center":[100.546875,14.603795,8.0],"bounds":[95.0,5.0,110.0,20.467892]}